KP_beg,KP_end,symbol,type_id,value,text_shrt,text_long,set_id,desc,colour,range,category_id,date_created,notes,name,column_id_rec,column_id_con,x1,x2,y1,y2
990270,990439,TS,FW,15,15-20cm FW,15-20cm Full Width,2,,"[119, 106, 67]",TRUE,11,2021-10-10,Env alignment sheets,Topsoil Handling,2,2,11,15,76.522,386.522
990439,990496,TS,SSH,15,15-20cm SSH,15-20cm Site-Specific Handling,2,,"[131, 136, 68]",TRUE,11,2021-10-10,Env alignment sheets,Topsoil Handling,2,2,11,15,76.522,386.522
990496,990978,TS,SSH,0,0cm SSH,0cm Site-Specific Handling,2,,"[179, 178, 91]",TRUE,11,2021-10-10,Env alignment sheets,Topsoil Handling,2,2,11,15,76.522,386.522
990978,991081,TS,FW,15,15-20cm FW,15-20cm Full Width,2,,"[119, 106, 67]",TRUE,11,2021-10-10,Env alignment sheets,Topsoil Handling,2,2,11,15,76.522,386.522
991081,991214,TS,SSH,15,15-20cm SSH,15-20cm Site-Specific Handling,2,,"[131, 136, 68]",TRUE,11,2021-10-10,Env alignment sheets,Topsoil Handling,2,2,11,15,76.522,386.522
991214,991602,TS,FW,15,15-20cm FW,15-20cm Full Width,2,,"[119, 106, 67]",TRUE,11,2021-10-10,Env alignment sheets,Topsoil Handling,2,2,11,15,76.522,386.522
991602,991632,TS,SSH,15,15-20cm SSH,15-20cm Site-Specific Handling,2,,"[131, 136, 68]",TRUE,11,2021-10-10,Env alignment sheets,Topsoil Handling,2,2,11,15,76.522,386.522
991632,991926,TS,FW,15,15-20cm FW,15-20cm Full Width,2,,"[119, 106, 67]",TRUE,11,2021-10-10,Env alignment sheets,Topsoil Handling,2,2,11,15,76.522,386.522
991926,991982,TS,SSH,15,15-20cm SSH,15-20cm Site-Specific Handling,2,,"[131, 136, 68]",TRUE,11,2021-10-10,Env alignment sheets,Topsoil Handling,2,2,11,15,76.522,386.522
991982,992126,TS,FW,15,15-20cm FW,15-20cm Full Width,2,,"[119, 106, 67]",TRUE,11,2021-10-10,Env alignment sheets,Topsoil Handling,2,2,11,15,76.522,386.522
992126,992187,TS,SSH,15,15-20cm SSH,15-20cm Site-Specific Handling,2,,"[131, 136, 68]",TRUE,11,2021-10-10,Env alignment sheets,Topsoil Handling,2,2,11,15,76.522,386.522
992187,992295,TS,FW,15,15-20cm FW,15-20cm Full Width,2,,"[119, 106, 67]",TRUE,11,2021-10-10,Env alignment sheets,Topsoil Handling,2,2,11,15,76.522,386.522
992295,992352,TS,SSH,15,15-20cm SSH,15-20cm Site-Specific Handling,2,,"[131, 136, 68]",TRUE,11,2021-10-10,Env alignment sheets,Topsoil Handling,2,2,11,15,76.522,386.522
992352,994162,TS,FW,15,15-20cm FW,15-20cm Full Width,2,,"[119, 106, 67]",TRUE,11,2021-10-10,Env alignment sheets,Topsoil Handling,2,2,11,15,76.522,386.522
994162,994214,TS,SSH,15,15-20cm SSH,15-20cm Site-Specific Handling,2,,"[131, 136, 68]",TRUE,11,2021-10-10,Env alignment sheets,Topsoil Handling,2,2,11,15,76.522,386.522
994214,994224,TS,FW,15,15-20cm FW,15-20cm Full Width,2,,"[119, 106, 67]",TRUE,11,2021-10-10,Env alignment sheets,Topsoil Handling,2,2,11,15,76.522,386.522
994224,994243,TS,SSH,15,15-20cm SSH,15-20cm Site-Specific Handling,2,,"[131, 136, 68]",TRUE,11,2021-10-10,Env alignment sheets,Topsoil Handling,2,2,11,15,76.522,386.522
994243,994449,TS,SSH,0,0cm SSH,0cm Site-Specific Handling,2,,"[179, 178, 91]",TRUE,11,2021-10-10,Env alignment sheets,Topsoil Handling,2,2,11,15,76.522,386.522
994449,994981,TS,FW,15,15-20cm FW,15-20cm Full Width,2,,"[119, 106, 67]",TRUE,11,2021-10-10,Env alignment sheets,Topsoil Handling,2,2,11,15,76.522,386.522
994981,995014,TS,SSH,15,15-20cm SSH,15-20cm Site-Specific Handling,2,,"[131, 136, 68]",TRUE,11,2021-10-10,Env alignment sheets,Topsoil Handling,2,2,11,15,76.522,386.522
995014,995466,TS,FW,15,15-20cm FW,15-20cm Full Width,2,,"[119, 106, 67]",TRUE,11,2021-10-10,Env alignment sheets,Topsoil Handling,2,2,11,15,76.522,386.522
995466,995491,TS,SSH,15,15-20cm SSH,15-20cm Site-Specific Handling,2,,"[131, 136, 68]",TRUE,11,2021-10-10,Env alignment sheets,Topsoil Handling,2,2,11,15,76.522,386.522
995491,995664,TS,FW,15,15-20cm FW,15-20cm Full Width,2,,"[119, 106, 67]",TRUE,11,2021-10-10,Env alignment sheets,Topsoil Handling,2,2,11,15,76.522,386.522
995664,995675,TS,SSH,15,15-20cm SSH,15-20cm Site-Specific Handling,2,,"[131, 136, 68]",TRUE,11,2021-10-10,Env alignment sheets,Topsoil Handling,2,2,11,15,76.522,386.522
995675,995852,TS,SSH,0,0cm SSH,0cm Site-Specific Handling,2,,"[179, 178, 91]",TRUE,11,2021-10-10,Env alignment sheets,Topsoil Handling,2,2,11,15,76.522,386.522
995852,995866,TS,SSH,15,15-20cm SSH,15-20cm Site-Specific Handling,2,,"[131, 136, 68]",TRUE,11,2021-10-10,Env alignment sheets,Topsoil Handling,2,2,11,15,76.522,386.522
995866,995914,TS,FW,15,15-20cm FW,15-20cm Full Width,2,,"[119, 106, 67]",TRUE,11,2021-10-10,Env alignment sheets,Topsoil Handling,2,2,11,15,76.522,386.522
995914,995951,TS,SSH,15,15-20cm SSH,15-20cm Site-Specific Handling,2,,"[131, 136, 68]",TRUE,11,2021-10-10,Env alignment sheets,Topsoil Handling,2,2,11,15,76.522,386.522
995951,996287,TS,FW,15,15-20cm FW,15-20cm Full Width,2,,"[119, 106, 67]",TRUE,11,2021-10-10,Env alignment sheets,Topsoil Handling,2,2,11,15,76.522,386.522
996287,997169,TS,SSH,0,0cm SSH,0cm Site-Specific Handling,2,,"[179, 178, 91]",TRUE,11,2021-10-10,Env alignment sheets,Topsoil Handling,2,2,11,15,76.522,386.522
997169,997631,TS,FW,15,15-20cm FW,15-20cm Full Width,2,,"[119, 106, 67]",TRUE,11,2021-10-10,Env alignment sheets,Topsoil Handling,2,2,11,15,76.522,386.522
997631,997669,TS,SSH,15,15-20cm SSH,15-20cm Site-Specific Handling,2,,"[131, 136, 68]",TRUE,11,2021-10-10,Env alignment sheets,Topsoil Handling,2,2,11,15,76.522,386.522
997669,997700,TS,FW,15,15-20cm FW,15-20cm Full Width,2,,"[119, 106, 67]",TRUE,11,2021-10-10,Env alignment sheets,Topsoil Handling,2,2,11,15,76.522,386.522
997700,997775,TS,SSH,15,15-20cm SSH,15-20cm Site-Specific Handling,2,,"[131, 136, 68]",TRUE,11,2021-10-10,Env alignment sheets,Topsoil Handling,2,2,11,15,76.522,386.522
997775,998077,TS,FW,15,15-20cm FW,15-20cm Full Width,2,,"[119, 106, 67]",TRUE,11,2021-10-10,Env alignment sheets,Topsoil Handling,2,2,11,15,76.522,386.522
998077,998104,TS,SSH,15,15-20cm SSH,15-20cm Site-Specific Handling,2,,"[131, 136, 68]",TRUE,11,2021-10-10,Env alignment sheets,Topsoil Handling,2,2,11,15,76.522,386.522
998104,998396,TS,FW,15,15-20cm FW,15-20cm Full Width,2,,"[119, 106, 67]",TRUE,11,2021-10-10,Env alignment sheets,Topsoil Handling,2,2,11,15,76.522,386.522
998396,998524,TS,SSH,35,35cm SSH,35cm Site-Specific Handling,2,,"[67, 80, 38]",TRUE,11,2021-10-10,Env alignment sheets,Topsoil Handling,2,2,11,15,76.522,386.522
998524,998665,TS,SSH,30,30cm SSH,30cm Site-Specific Handling,2,,"[83, 94, 46]",TRUE,11,2021-10-10,Env alignment sheets,Topsoil Handling,2,2,11,15,76.522,386.522
998665,999759,TS,FW,15,15-20cm FW,15-20cm Full Width,2,,"[119, 106, 67]",TRUE,11,2021-10-10,Env alignment sheets,Topsoil Handling,2,2,11,15,76.522,386.522
999759,999799,TS,SSH,15,15-20cm SSH,15-20cm Site-Specific Handling,2,,"[131, 136, 68]",TRUE,11,2021-10-10,Env alignment sheets,Topsoil Handling,2,2,11,15,76.522,386.522
999799,1000048,TS,FW,15,15-20cm FW,15-20cm Full Width,2,,"[119, 106, 67]",TRUE,11,2021-10-10,Env alignment sheets,Topsoil Handling,2,2,11,15,76.522,386.522
1000048,1000077,TS,SSH,15,15-20cm SSH,15-20cm Site-Specific Handling,2,,"[131, 136, 68]",TRUE,11,2021-10-10,Env alignment sheets,Topsoil Handling,2,2,11,15,76.522,386.522
1000077,1000226,TS,FW,15,15-20cm FW,15-20cm Full Width,2,,"[119, 106, 67]",TRUE,11,2021-10-10,Env alignment sheets,Topsoil Handling,2,2,11,15,76.522,386.522
1000226,1000247,TS,SSH,15,15-20cm SSH,15-20cm Site-Specific Handling,2,,"[131, 136, 68]",TRUE,11,2021-10-10,Env alignment sheets,Topsoil Handling,2,2,11,15,76.522,386.522
1000247,1000587,TS,FW,15,15-20cm FW,15-20cm Full Width,2,,"[119, 106, 67]",TRUE,11,2021-10-10,Env alignment sheets,Topsoil Handling,2,2,11,15,76.522,386.522
1000587,1000794,TS,SSH,30,30cm SSH,30cm Site-Specific Handling,2,,"[83, 94, 46]",TRUE,11,2021-10-10,Env alignment sheets,Topsoil Handling,2,2,11,15,76.522,386.522
1000794,1001091,TS,SSH,40,40cm SSH,40cm Site-Specific Handling,2,,"[51, 66, 31]",TRUE,11,2021-10-10,Env alignment sheets,Topsoil Handling,2,2,11,15,76.522,386.522
1001091,1001494,TS,SSH,0,0cm SSH,0cm Site-Specific Handling,2,,"[179, 178, 91]",TRUE,11,2021-10-10,Env alignment sheets,Topsoil Handling,2,2,11,15,76.522,386.522
1001494,1001624,TS,FW,15,15-20cm FW,15-20cm Full Width,2,,"[119, 106, 67]",TRUE,11,2021-10-10,Env alignment sheets,Topsoil Handling,2,2,11,15,76.522,386.522
1001624,1001644,TS,SSH,15,15-20cm SSH,15-20cm Site-Specific Handling,2,,"[131, 136, 68]",TRUE,11,2021-10-10,Env alignment sheets,Topsoil Handling,2,2,11,15,76.522,386.522
1001644,1004579,TS,FW,15,15-20cm FW,15-20cm Full Width,2,,"[119, 106, 67]",TRUE,11,2021-10-10,Env alignment sheets,Topsoil Handling,2,2,11,15,76.522,386.522
1004579,1004669,TS,SSH,15,15-20cm SSH,15-20cm Site-Specific Handling,2,,"[131, 136, 68]",TRUE,11,2021-10-10,Env alignment sheets,Topsoil Handling,2,2,11,15,76.522,386.522
1004669,1005604,TS,FW,15,15-20cm FW,15-20cm Full Width,2,,"[119, 106, 67]",TRUE,11,2021-10-10,Env alignment sheets,Topsoil Handling,2,2,11,15,76.522,386.522
1005604,1005637,TS,SSH,15,15-20cm SSH,15-20cm Site-Specific Handling,2,,"[131, 136, 68]",TRUE,11,2021-10-10,Env alignment sheets,Topsoil Handling,2,2,11,15,76.522,386.522
1005637,1006327,TS,FW,15,15-20cm FW,15-20cm Full Width,2,,"[119, 106, 67]",TRUE,11,2021-10-10,Env alignment sheets,Topsoil Handling,2,2,11,15,76.522,386.522
1006327,1006357,TS,SSH,15,15-20cm SSH,15-20cm Site-Specific Handling,2,,"[131, 136, 68]",TRUE,11,2021-10-10,Env alignment sheets,Topsoil Handling,2,2,11,15,76.522,386.522
1006357,1006459,TS,FW,15,15-20cm FW,15-20cm Full Width,2,,"[119, 106, 67]",TRUE,11,2021-10-10,Env alignment sheets,Topsoil Handling,2,2,11,15,76.522,386.522
1006459,1006613,TS,SSH,15,15-20cm SSH,15-20cm Site-Specific Handling,2,,"[131, 136, 68]",TRUE,11,2021-10-10,Env alignment sheets,Topsoil Handling,2,2,11,15,76.522,386.522
1006613,1006665,TS,FW,15,15-20cm FW,15-20cm Full Width,2,,"[119, 106, 67]",TRUE,11,2021-10-10,Env alignment sheets,Topsoil Handling,2,2,11,15,76.522,386.522
1006665,1006685,TS,SSH,15,15-20cm SSH,15-20cm Site-Specific Handling,2,,"[131, 136, 68]",TRUE,11,2021-10-10,Env alignment sheets,Topsoil Handling,2,2,11,15,76.522,386.522
1006685,1007883,TS,FW,15,15-20cm FW,15-20cm Full Width,2,,"[119, 106, 67]",TRUE,11,2021-10-10,Env alignment sheets,Topsoil Handling,2,2,11,15,76.522,386.522
1007883,1007924,TS,SSH,15,15-20cm SSH,15-20cm Site-Specific Handling,2,,"[131, 136, 68]",TRUE,11,2021-10-10,Env alignment sheets,Topsoil Handling,2,2,11,15,76.522,386.522
1007924,1007948,TS,SSH,0,0cm SSH,0cm Site-Specific Handling,2,,"[179, 178, 91]",TRUE,11,2021-10-10,Env alignment sheets,Topsoil Handling,2,2,11,15,76.522,386.522
1007948,1007974,TS,SSH,15,15-20cm SSH,15-20cm Site-Specific Handling,2,,"[131, 136, 68]",TRUE,11,2021-10-10,Env alignment sheets,Topsoil Handling,2,2,11,15,76.522,386.522
1007974,1008066,TS,FW,15,15-20cm FW,15-20cm Full Width,2,,"[119, 106, 67]",TRUE,11,2021-10-10,Env alignment sheets,Topsoil Handling,2,2,11,15,76.522,386.522
1008066,1008421,TS,SSH,15,15-20cm SSH,15-20cm Site-Specific Handling,2,,"[131, 136, 68]",TRUE,11,2021-10-10,Env alignment sheets,Topsoil Handling,2,2,11,15,76.522,386.522
1008421,1009034,TS,FW,15,15-20cm FW,15-20cm Full Width,2,,"[119, 106, 67]",TRUE,11,2021-10-10,Env alignment sheets,Topsoil Handling,2,2,11,15,76.522,386.522
1009034,1009104,TS,SSH,15,15-20cm SSH,15-20cm Site-Specific Handling,2,,"[131, 136, 68]",TRUE,11,2021-10-10,Env alignment sheets,Topsoil Handling,2,2,11,15,76.522,386.522
1009104,1009410,TS,FW,15,15-20cm FW,15-20cm Full Width,2,,"[119, 106, 67]",TRUE,11,2021-10-10,Env alignment sheets,Topsoil Handling,2,2,11,15,76.522,386.522
1009410,1009967,TS,SSH,15,15-20cm SSH,15-20cm Site-Specific Handling,2,,"[131, 136, 68]",TRUE,11,2021-10-10,Env alignment sheets,Topsoil Handling,2,2,11,15,76.522,386.522
1009967,1010121,TS,FW,15,15-20cm FW,15-20cm Full Width,2,,"[119, 106, 67]",TRUE,11,2021-10-10,Env alignment sheets,Topsoil Handling,2,2,11,15,76.522,386.522
1010121,1010177,TS,SSH,15,15-20cm SSH,15-20cm Site-Specific Handling,2,,"[131, 136, 68]",TRUE,11,2021-10-10,Env alignment sheets,Topsoil Handling,2,2,11,15,76.522,386.522
1010177,1010236,TS,FW,15,15-20cm FW,15-20cm Full Width,2,,"[119, 106, 67]",TRUE,11,2021-10-10,Env alignment sheets,Topsoil Handling,2,2,11,15,76.522,386.522
1010236,1010262,TS,SSH,15,15-20cm SSH,15-20cm Site-Specific Handling,2,,"[131, 136, 68]",TRUE,11,2021-10-10,Env alignment sheets,Topsoil Handling,2,2,11,15,76.522,386.522
1010262,1010339,TS,FW,15,15-20cm FW,15-20cm Full Width,2,,"[119, 106, 67]",TRUE,11,2021-10-10,Env alignment sheets,Topsoil Handling,2,2,11,15,76.522,386.522
1010339,1010378,TS,SSH,15,15-20cm SSH,15-20cm Site-Specific Handling,2,,"[131, 136, 68]",TRUE,11,2021-10-10,Env alignment sheets,Topsoil Handling,2,2,11,15,76.522,386.522
1010378,1010416,TS,FW,15,15-20cm FW,15-20cm Full Width,2,,"[119, 106, 67]",TRUE,11,2021-10-10,Env alignment sheets,Topsoil Handling,2,2,11,15,76.522,386.522
1010416,1010441,TS,SSH,15,15-20cm SSH,15-20cm Site-Specific Handling,2,,"[131, 136, 68]",TRUE,11,2021-10-10,Env alignment sheets,Topsoil Handling,2,2,11,15,76.522,386.522
1010441,1010852,TS,FW,15,15-20cm FW,15-20cm Full Width,2,,"[119, 106, 67]",TRUE,11,2021-10-10,Env alignment sheets,Topsoil Handling,2,2,11,15,76.522,386.522
1010852,1010945,TS,SSH,15,15-20cm SSH,15-20cm Site-Specific Handling,2,,"[131, 136, 68]",TRUE,11,2021-10-10,Env alignment sheets,Topsoil Handling,2,2,11,15,76.522,386.522
1010945,1011007,TS,FW,15,15-20cm FW,15-20cm Full Width,2,,"[119, 106, 67]",TRUE,11,2021-10-10,Env alignment sheets,Topsoil Handling,2,2,11,15,76.522,386.522
1011007,1011036,TS,SSH,15,15-20cm SSH,15-20cm Site-Specific Handling,2,,"[131, 136, 68]",TRUE,11,2021-10-10,Env alignment sheets,Topsoil Handling,2,2,11,15,76.522,386.522
1011036,1011082,TS,FW,15,15-20cm FW,15-20cm Full Width,2,,"[119, 106, 67]",TRUE,11,2021-10-10,Env alignment sheets,Topsoil Handling,2,2,11,15,76.522,386.522
1011082,1011108,TS,SSH,15,15-20cm SSH,15-20cm Site-Specific Handling,2,,"[131, 136, 68]",TRUE,11,2021-10-10,Env alignment sheets,Topsoil Handling,2,2,11,15,76.522,386.522
1011108,1011225,TS,FW,15,15-20cm FW,15-20cm Full Width,2,,"[119, 106, 67]",TRUE,11,2021-10-10,Env alignment sheets,Topsoil Handling,2,2,11,15,76.522,386.522
1011225,1011249,TS,SSH,15,15-20cm SSH,15-20cm Site-Specific Handling,2,,"[131, 136, 68]",TRUE,11,2021-10-10,Env alignment sheets,Topsoil Handling,2,2,11,15,76.522,386.522
1011249,1011311,TS,FW,15,15-20cm FW,15-20cm Full Width,2,,"[119, 106, 67]",TRUE,11,2021-10-10,Env alignment sheets,Topsoil Handling,2,2,11,15,76.522,386.522
1011311,1011341,TS,SSH,15,15-20cm SSH,15-20cm Site-Specific Handling,2,,"[131, 136, 68]",TRUE,11,2021-10-10,Env alignment sheets,Topsoil Handling,2,2,11,15,76.522,386.522
1011341,1011520,TS,FW,15,15-20cm FW,15-20cm Full Width,2,,"[119, 106, 67]",TRUE,11,2021-10-10,Env alignment sheets,Topsoil Handling,2,2,11,15,76.522,386.522
1011520,1011550,TS,SSH,15,15-20cm SSH,15-20cm Site-Specific Handling,2,,"[131, 136, 68]",TRUE,11,2021-10-10,Env alignment sheets,Topsoil Handling,2,2,11,15,76.522,386.522
1011550,1011615,TS,FW,15,15-20cm FW,15-20cm Full Width,2,,"[119, 106, 67]",TRUE,11,2021-10-10,Env alignment sheets,Topsoil Handling,2,2,11,15,76.522,386.522
1011615,1011642,TS,SSH,15,15-20cm SSH,15-20cm Site-Specific Handling,2,,"[131, 136, 68]",TRUE,11,2021-10-10,Env alignment sheets,Topsoil Handling,2,2,11,15,76.522,386.522
1011642,1011734,TS,FW,15,15-20cm FW,15-20cm Full Width,2,,"[119, 106, 67]",TRUE,11,2021-10-10,Env alignment sheets,Topsoil Handling,2,2,11,15,76.522,386.522
1011734,1011817,TS,SSH,15,15-20cm SSH,15-20cm Site-Specific Handling,2,,"[131, 136, 68]",TRUE,11,2021-10-10,Env alignment sheets,Topsoil Handling,2,2,11,15,76.522,386.522
1011817,1011983,TS,FW,15,15-20cm FW,15-20cm Full Width,2,,"[119, 106, 67]",TRUE,11,2021-10-10,Env alignment sheets,Topsoil Handling,2,2,11,15,76.522,386.522
1011983,1012015,TS,SSH,15,15-20cm SSH,15-20cm Site-Specific Handling,2,,"[131, 136, 68]",TRUE,11,2021-10-10,Env alignment sheets,Topsoil Handling,2,2,11,15,76.522,386.522
1012015,1012172,TS,FW,15,15-20cm FW,15-20cm Full Width,2,,"[119, 106, 67]",TRUE,11,2021-10-10,Env alignment sheets,Topsoil Handling,2,2,11,15,76.522,386.522
1012172,1012210,TS,SSH,15,15-20cm SSH,15-20cm Site-Specific Handling,2,,"[131, 136, 68]",TRUE,11,2021-10-10,Env alignment sheets,Topsoil Handling,2,2,11,15,76.522,386.522
1012210,1012387,TS,FW,15,15-20cm FW,15-20cm Full Width,2,,"[119, 106, 67]",TRUE,11,2021-10-10,Env alignment sheets,Topsoil Handling,2,2,11,15,76.522,386.522
1012387,1012507,TS,SSH,15,15-20cm SSH,15-20cm Site-Specific Handling,2,,"[131, 136, 68]",TRUE,11,2021-10-10,Env alignment sheets,Topsoil Handling,2,2,11,15,76.522,386.522
1012507,1012793,TS,FW,15,15-20cm FW,15-20cm Full Width,2,,"[119, 106, 67]",TRUE,11,2021-10-10,Env alignment sheets,Topsoil Handling,2,2,11,15,76.522,386.522
1012793,1012825,TS,SSH,15,15-20cm SSH,15-20cm Site-Specific Handling,2,,"[131, 136, 68]",TRUE,11,2021-10-10,Env alignment sheets,Topsoil Handling,2,2,11,15,76.522,386.522
1012825,1013029,TS,FW,15,15-20cm FW,15-20cm Full Width,2,,"[119, 106, 67]",TRUE,11,2021-10-10,Env alignment sheets,Topsoil Handling,2,2,11,15,76.522,386.522
1013029,1013079,TS,SSH,15,15-20cm SSH,15-20cm Site-Specific Handling,2,,"[131, 136, 68]",TRUE,11,2021-10-10,Env alignment sheets,Topsoil Handling,2,2,11,15,76.522,386.522
1013079,1015103,TS,FW,15,15-20cm FW,15-20cm Full Width,2,,"[119, 106, 67]",TRUE,11,2021-10-10,Env alignment sheets,Topsoil Handling,2,2,11,15,76.522,386.522
1015103,1015154,TS,SSH,15,15-20cm SSH,15-20cm Site-Specific Handling,2,,"[131, 136, 68]",TRUE,11,2021-10-10,Env alignment sheets,Topsoil Handling,2,2,11,15,76.522,386.522
1015154,1015442,TS,FW,15,15-20cm FW,15-20cm Full Width,2,,"[119, 106, 67]",TRUE,11,2021-10-10,Env alignment sheets,Topsoil Handling,2,2,11,15,76.522,386.522
1015442,1015462,TS,SSH,15,15-20cm SSH,15-20cm Site-Specific Handling,2,,"[131, 136, 68]",TRUE,11,2021-10-10,Env alignment sheets,Topsoil Handling,2,2,11,15,76.522,386.522
1015462,1015651,TS,FW,15,15-20cm FW,15-20cm Full Width,2,,"[119, 106, 67]",TRUE,11,2021-10-10,Env alignment sheets,Topsoil Handling,2,2,11,15,76.522,386.522
1015651,1015689,TS,SSH,15,15-20cm SSH,15-20cm Site-Specific Handling,2,,"[131, 136, 68]",TRUE,11,2021-10-10,Env alignment sheets,Topsoil Handling,2,2,11,15,76.522,386.522
1015689,1015815,TS,FW,15,15-20cm FW,15-20cm Full Width,2,,"[119, 106, 67]",TRUE,11,2021-10-10,Env alignment sheets,Topsoil Handling,2,2,11,15,76.522,386.522
1015815,1015835,TS,SSH,15,15-20cm SSH,15-20cm Site-Specific Handling,2,,"[131, 136, 68]",TRUE,11,2021-10-10,Env alignment sheets,Topsoil Handling,2,2,11,15,76.522,386.522
1015835,1016040,TS,FW,15,15-20cm FW,15-20cm Full Width,2,,"[119, 106, 67]",TRUE,11,2021-10-10,Env alignment sheets,Topsoil Handling,2,2,11,15,76.522,386.522
1016040,1016068,TS,SSH,15,15-20cm SSH,15-20cm Site-Specific Handling,2,,"[131, 136, 68]",TRUE,11,2021-10-10,Env alignment sheets,Topsoil Handling,2,2,11,15,76.522,386.522
1016068,1016093,TS,FW,15,15-20cm FW,15-20cm Full Width,2,,"[119, 106, 67]",TRUE,11,2021-10-10,Env alignment sheets,Topsoil Handling,2,2,11,15,76.522,386.522
1016093,1016215,TS,SSH,15,15-20cm SSH,15-20cm Site-Specific Handling,2,,"[131, 136, 68]",TRUE,11,2021-10-10,Env alignment sheets,Topsoil Handling,2,2,11,15,76.522,386.522
1016215,1016352,TS,FW,15,15-20cm FW,15-20cm Full Width,2,,"[119, 106, 67]",TRUE,11,2021-10-10,Env alignment sheets,Topsoil Handling,2,2,11,15,76.522,386.522
1016352,1016409,TS,SSH,15,15-20cm SSH,15-20cm Site-Specific Handling,2,,"[131, 136, 68]",TRUE,11,2021-10-10,Env alignment sheets,Topsoil Handling,2,2,11,15,76.522,386.522
1016409,1016701,TS,FW,15,15-20cm FW,15-20cm Full Width,2,,"[119, 106, 67]",TRUE,11,2021-10-10,Env alignment sheets,Topsoil Handling,2,2,11,15,76.522,386.522
1016701,1016727,TS,SSH,15,15-20cm SSH,15-20cm Site-Specific Handling,2,,"[131, 136, 68]",TRUE,11,2021-10-10,Env alignment sheets,Topsoil Handling,2,2,11,15,76.522,386.522
1016727,1016803,TS,FW,15,15-20cm FW,15-20cm Full Width,2,,"[119, 106, 67]",TRUE,11,2021-10-10,Env alignment sheets,Topsoil Handling,2,2,11,15,76.522,386.522
1016803,1016832,TS,SSH,15,15-20cm SSH,15-20cm Site-Specific Handling,2,,"[131, 136, 68]",TRUE,11,2021-10-10,Env alignment sheets,Topsoil Handling,2,2,11,15,76.522,386.522
1016832,1016958,TS,FW,15,15-20cm FW,15-20cm Full Width,2,,"[119, 106, 67]",TRUE,11,2021-10-10,Env alignment sheets,Topsoil Handling,2,2,11,15,76.522,386.522
1016958,1017016,TS,SSH,15,15-20cm SSH,15-20cm Site-Specific Handling,2,,"[131, 136, 68]",TRUE,11,2021-10-10,Env alignment sheets,Topsoil Handling,2,2,11,15,76.522,386.522
1017016,1017087,TS,FW,15,15-20cm FW,15-20cm Full Width,2,,"[119, 106, 67]",TRUE,11,2021-10-10,Env alignment sheets,Topsoil Handling,2,2,11,15,76.522,386.522
1017087,1017107,TS,SSH,15,15-20cm SSH,15-20cm Site-Specific Handling,2,,"[131, 136, 68]",TRUE,11,2021-10-10,Env alignment sheets,Topsoil Handling,2,2,11,15,76.522,386.522
1017107,1017245,TS,FW,15,15-20cm FW,15-20cm Full Width,2,,"[119, 106, 67]",TRUE,11,2021-10-10,Env alignment sheets,Topsoil Handling,2,2,11,15,76.522,386.522
1017245,1017711,TS,SSH,15,15-20cm SSH,15-20cm Site-Specific Handling,2,,"[131, 136, 68]",TRUE,11,2021-10-10,Env alignment sheets,Topsoil Handling,2,2,11,15,76.522,386.522
1017711,1018291,TS,FW,15,15-20cm FW,15-20cm Full Width,2,,"[119, 106, 67]",TRUE,11,2021-10-10,Env alignment sheets,Topsoil Handling,2,2,11,15,76.522,386.522
1018291,1018312,TS,SSH,15,15-20cm SSH,15-20cm Site-Specific Handling,2,,"[131, 136, 68]",TRUE,11,2021-10-10,Env alignment sheets,Topsoil Handling,2,2,11,15,76.522,386.522
1018312,1018322,TS,FW,15,15-20cm FW,15-20cm Full Width,2,,"[119, 106, 67]",TRUE,11,2021-10-10,Env alignment sheets,Topsoil Handling,2,2,11,15,76.522,386.522
1018322,1018341,TS,SSH,15,15-20cm SSH,15-20cm Site-Specific Handling,2,,"[131, 136, 68]",TRUE,11,2021-10-10,Env alignment sheets,Topsoil Handling,2,2,11,15,76.522,386.522
1018341,1018359,TS,FW,15,15-20cm FW,15-20cm Full Width,2,,"[119, 106, 67]",TRUE,11,2021-10-10,Env alignment sheets,Topsoil Handling,2,2,11,15,76.522,386.522
1018359,1018447,TS,SSH,15,15-20cm SSH,15-20cm Site-Specific Handling,2,,"[131, 136, 68]",TRUE,11,2021-10-10,Env alignment sheets,Topsoil Handling,2,2,11,15,76.522,386.522
1018447,1018468,TS,FW,15,15-20cm FW,15-20cm Full Width,2,,"[119, 106, 67]",TRUE,11,2021-10-10,Env alignment sheets,Topsoil Handling,2,2,11,15,76.522,386.522
1018468,1018488,TS,SSH,15,15-20cm SSH,15-20cm Site-Specific Handling,2,,"[131, 136, 68]",TRUE,11,2021-10-10,Env alignment sheets,Topsoil Handling,2,2,11,15,76.522,386.522
1018488,1018577,TS,FW,15,15-20cm FW,15-20cm Full Width,2,,"[119, 106, 67]",TRUE,11,2021-10-10,Env alignment sheets,Topsoil Handling,2,2,11,15,76.522,386.522
1018577,1018834,TS,SSH,15,15-20cm SSH,15-20cm Site-Specific Handling,2,,"[131, 136, 68]",TRUE,11,2021-10-10,Env alignment sheets,Topsoil Handling,2,2,11,15,76.522,386.522
1018834,1018885,TS,FW,15,15-20cm FW,15-20cm Full Width,2,,"[119, 106, 67]",TRUE,11,2021-10-10,Env alignment sheets,Topsoil Handling,2,2,11,15,76.522,386.522
1018885,1019149,TS,SSH,15,15-20cm SSH,15-20cm Site-Specific Handling,2,,"[131, 136, 68]",TRUE,11,2021-10-10,Env alignment sheets,Topsoil Handling,2,2,11,15,76.522,386.522
1019149,1019779,TS,FW,15,15-20cm FW,15-20cm Full Width,2,,"[119, 106, 67]",TRUE,11,2021-10-10,Env alignment sheets,Topsoil Handling,2,2,11,15,76.522,386.522
1019779,1019807,TS,SSH,15,15-20cm SSH,15-20cm Site-Specific Handling,2,,"[131, 136, 68]",TRUE,11,2021-10-10,Env alignment sheets,Topsoil Handling,2,2,11,15,76.522,386.522
1019807,1020080,TS,FW,15,15-20cm FW,15-20cm Full Width,2,,"[119, 106, 67]",TRUE,11,2021-10-10,Env alignment sheets,Topsoil Handling,2,2,11,15,76.522,386.522
1020080,1020111,TS,SSH,15,15-20cm SSH,15-20cm Site-Specific Handling,2,,"[131, 136, 68]",TRUE,11,2021-10-10,Env alignment sheets,Topsoil Handling,2,2,11,15,76.522,386.522
1020111,1020137,TS,FW,15,15-20cm FW,15-20cm Full Width,2,,"[119, 106, 67]",TRUE,11,2021-10-10,Env alignment sheets,Topsoil Handling,2,2,11,15,76.522,386.522
1020137,1020260,TS,SSH,15,15-20cm SSH,15-20cm Site-Specific Handling,2,,"[131, 136, 68]",TRUE,11,2021-10-10,Env alignment sheets,Topsoil Handling,2,2,11,15,76.522,386.522
1020260,1020442,TS,FW,15,15-20cm FW,15-20cm Full Width,2,,"[119, 106, 67]",TRUE,11,2021-10-10,Env alignment sheets,Topsoil Handling,2,2,11,15,76.522,386.522
1020442,1020460,TS,SSH,15,15-20cm SSH,15-20cm Site-Specific Handling,2,,"[131, 136, 68]",TRUE,11,2021-10-10,Env alignment sheets,Topsoil Handling,2,2,11,15,76.522,386.522
1020460,1020585,TS,FW,15,15-20cm FW,15-20cm Full Width,2,,"[119, 106, 67]",TRUE,11,2021-10-10,Env alignment sheets,Topsoil Handling,2,2,11,15,76.522,386.522
1020585,1020604,TS,SSH,15,15-20cm SSH,15-20cm Site-Specific Handling,2,,"[131, 136, 68]",TRUE,11,2021-10-10,Env alignment sheets,Topsoil Handling,2,2,11,15,76.522,386.522
1020604,1021061,TS,FW,15,15-20cm FW,15-20cm Full Width,2,,"[119, 106, 67]",TRUE,11,2021-10-10,Env alignment sheets,Topsoil Handling,2,2,11,15,76.522,386.522
1021061,1021079,TS,SSH,15,15-20cm SSH,15-20cm Site-Specific Handling,2,,"[131, 136, 68]",TRUE,11,2021-10-10,Env alignment sheets,Topsoil Handling,2,2,11,15,76.522,386.522
1021079,1021470,TS,FW,15,15-20cm FW,15-20cm Full Width,2,,"[119, 106, 67]",TRUE,11,2021-10-10,Env alignment sheets,Topsoil Handling,2,2,11,15,76.522,386.522
1021470,1021583,TS,SSH,15,15-20cm SSH,15-20cm Site-Specific Handling,2,,"[131, 136, 68]",TRUE,11,2021-10-10,Env alignment sheets,Topsoil Handling,2,2,11,15,76.522,386.522
1021583,1021744,TS,FW,15,15-20cm FW,15-20cm Full Width,2,,"[119, 106, 67]",TRUE,11,2021-10-10,Env alignment sheets,Topsoil Handling,2,2,11,15,76.522,386.522
1021744,1021853,TS,SSH,15,15-20cm SSH,15-20cm Site-Specific Handling,2,,"[131, 136, 68]",TRUE,11,2021-10-10,Env alignment sheets,Topsoil Handling,2,2,11,15,76.522,386.522
1021853,1022249,TS,FW,15,15-20cm FW,15-20cm Full Width,2,,"[119, 106, 67]",TRUE,11,2021-10-10,Env alignment sheets,Topsoil Handling,2,2,11,15,76.522,386.522
1022249,1022266,TS,SSH,15,15-20cm SSH,15-20cm Site-Specific Handling,2,,"[131, 136, 68]",TRUE,11,2021-10-10,Env alignment sheets,Topsoil Handling,2,2,11,15,76.522,386.522
1022266,1022308,TS,FW,15,15-20cm FW,15-20cm Full Width,2,,"[119, 106, 67]",TRUE,11,2021-10-10,Env alignment sheets,Topsoil Handling,2,2,11,15,76.522,386.522
1022308,1022329,TS,SSH,15,15-20cm SSH,15-20cm Site-Specific Handling,2,,"[131, 136, 68]",TRUE,11,2021-10-10,Env alignment sheets,Topsoil Handling,2,2,11,15,76.522,386.522
1022329,1022349,TS,FW,15,15-20cm FW,15-20cm Full Width,2,,"[119, 106, 67]",TRUE,11,2021-10-10,Env alignment sheets,Topsoil Handling,2,2,11,15,76.522,386.522
1022349,1022369,TS,SSH,15,15-20cm SSH,15-20cm Site-Specific Handling,2,,"[131, 136, 68]",TRUE,11,2021-10-10,Env alignment sheets,Topsoil Handling,2,2,11,15,76.522,386.522
1022369,1022486,TS,FW,15,15-20cm FW,15-20cm Full Width,2,,"[119, 106, 67]",TRUE,11,2021-10-10,Env alignment sheets,Topsoil Handling,2,2,11,15,76.522,386.522
1022486,1022506,TS,SSH,15,15-20cm SSH,15-20cm Site-Specific Handling,2,,"[131, 136, 68]",TRUE,11,2021-10-10,Env alignment sheets,Topsoil Handling,2,2,11,15,76.522,386.522
1022506,1022839,TS,FW,15,15-20cm FW,15-20cm Full Width,2,,"[119, 106, 67]",TRUE,11,2021-10-10,Env alignment sheets,Topsoil Handling,2,2,11,15,76.522,386.522
1022839,1022907,TS,SSH,15,15-20cm SSH,15-20cm Site-Specific Handling,2,,"[131, 136, 68]",TRUE,11,2021-10-10,Env alignment sheets,Topsoil Handling,2,2,11,15,76.522,386.522
1022907,1023858,TS,FW,15,15-20cm FW,15-20cm Full Width,2,,"[119, 106, 67]",TRUE,11,2021-10-10,Env alignment sheets,Topsoil Handling,2,2,11,15,76.522,386.522
1023858,1024022,TS,SSH,15,15-20cm SSH,15-20cm Site-Specific Handling,2,,"[131, 136, 68]",TRUE,11,2021-10-10,Env alignment sheets,Topsoil Handling,2,2,11,15,76.522,386.522
1024022,1024301,TS,FW,15,15-20cm FW,15-20cm Full Width,2,,"[119, 106, 67]",TRUE,11,2021-10-10,Env alignment sheets,Topsoil Handling,2,2,11,15,76.522,386.522
1024301,1024343,TS,SSH,15,15-20cm SSH,15-20cm Site-Specific Handling,2,,"[131, 136, 68]",TRUE,11,2021-10-10,Env alignment sheets,Topsoil Handling,2,2,11,15,76.522,386.522
1024343,1025812,TS,FW,15,15-20cm FW,15-20cm Full Width,2,,"[119, 106, 67]",TRUE,11,2021-10-10,Env alignment sheets,Topsoil Handling,2,2,11,15,76.522,386.522
1025812,1025854,TS,SSH,15,15-20cm SSH,15-20cm Site-Specific Handling,2,,"[131, 136, 68]",TRUE,11,2021-10-10,Env alignment sheets,Topsoil Handling,2,2,11,15,76.522,386.522
1025854,1026075,TS,FW,15,15-20cm FW,15-20cm Full Width,2,,"[119, 106, 67]",TRUE,11,2021-10-10,Env alignment sheets,Topsoil Handling,2,2,11,15,76.522,386.522
1026075,1026273,TS,SSH,15,15-20cm SSH,15-20cm Site-Specific Handling,2,,"[131, 136, 68]",TRUE,11,2021-10-10,Env alignment sheets,Topsoil Handling,2,2,11,15,76.522,386.522
1026273,1026465,TS,FW,15,15-20cm FW,15-20cm Full Width,2,,"[119, 106, 67]",TRUE,11,2021-10-10,Env alignment sheets,Topsoil Handling,2,2,11,15,76.522,386.522
1026465,1026499,TS,SSH,15,15-20cm SSH,15-20cm Site-Specific Handling,2,,"[131, 136, 68]",TRUE,11,2021-10-10,Env alignment sheets,Topsoil Handling,2,2,11,15,76.522,386.522
1026499,1026810,TS,FW,15,15-20cm FW,15-20cm Full Width,2,,"[119, 106, 67]",TRUE,11,2021-10-10,Env alignment sheets,Topsoil Handling,2,2,11,15,76.522,386.522
1026810,1026831,TS,SSH,15,15-20cm SSH,15-20cm Site-Specific Handling,2,,"[131, 136, 68]",TRUE,11,2021-10-10,Env alignment sheets,Topsoil Handling,2,2,11,15,76.522,386.522
1026831,1027009,TS,FW,15,15-20cm FW,15-20cm Full Width,2,,"[119, 106, 67]",TRUE,11,2021-10-10,Env alignment sheets,Topsoil Handling,2,2,11,15,76.522,386.522
1027009,1027028,TS,SSH,15,15-20cm SSH,15-20cm Site-Specific Handling,2,,"[131, 136, 68]",TRUE,11,2021-10-10,Env alignment sheets,Topsoil Handling,2,2,11,15,76.522,386.522
1027028,1027153,TS,FW,15,15-20cm FW,15-20cm Full Width,2,,"[119, 106, 67]",TRUE,11,2021-10-10,Env alignment sheets,Topsoil Handling,2,2,11,15,76.522,386.522
1027153,1027175,TS,SSH,15,15-20cm SSH,15-20cm Site-Specific Handling,2,,"[131, 136, 68]",TRUE,11,2021-10-10,Env alignment sheets,Topsoil Handling,2,2,11,15,76.522,386.522
1027175,1028954,TS,FW,15,15-20cm FW,15-20cm Full Width,2,,"[119, 106, 67]",TRUE,11,2021-10-10,Env alignment sheets,Topsoil Handling,2,2,11,15,76.522,386.522
1028954,1028983,TS,SSH,15,15-20cm SSH,15-20cm Site-Specific Handling,2,,"[131, 136, 68]",TRUE,11,2021-10-10,Env alignment sheets,Topsoil Handling,2,2,11,15,76.522,386.522
1028983,1029912,TS,FW,15,15-20cm FW,15-20cm Full Width,2,,"[119, 106, 67]",TRUE,11,2021-10-10,Env alignment sheets,Topsoil Handling,2,2,11,15,76.522,386.522
1029912,1029932,TS,SSH,15,15-20cm SSH,15-20cm Site-Specific Handling,2,,"[131, 136, 68]",TRUE,11,2021-10-10,Env alignment sheets,Topsoil Handling,2,2,11,15,76.522,386.522
1029932,1030059,TS,FW,15,15-20cm FW,15-20cm Full Width,2,,"[119, 106, 67]",TRUE,11,2021-10-10,Env alignment sheets,Topsoil Handling,2,2,11,15,76.522,386.522
1030059,1030244,TS,SSH,15,15-20cm SSH,15-20cm Site-Specific Handling,2,,"[131, 136, 68]",TRUE,11,2021-10-10,Env alignment sheets,Topsoil Handling,2,2,11,15,76.522,386.522
1030244,1030438,TS,FW,15,15-20cm FW,15-20cm Full Width,2,,"[119, 106, 67]",TRUE,11,2021-10-10,Env alignment sheets,Topsoil Handling,2,2,11,15,76.522,386.522
1030438,1030483,TS,SSH,0,0cm SSH,0cm Site-Specific Handling,2,,"[179, 178, 91]",TRUE,11,2021-10-10,Env alignment sheets,Topsoil Handling,2,2,11,15,76.522,386.522
1030483,1030746,TS,FW,15,15-20cm FW,15-20cm Full Width,2,,"[119, 106, 67]",TRUE,11,2021-10-10,Env alignment sheets,Topsoil Handling,2,2,11,15,76.522,386.522
1030746,1030868,TS,SSH,15,15-20cm SSH,15-20cm Site-Specific Handling,2,,"[131, 136, 68]",TRUE,11,2021-10-10,Env alignment sheets,Topsoil Handling,2,2,11,15,76.522,386.522
1030868,1032448,TS,FW,15,15-20cm FW,15-20cm Full Width,2,,"[119, 106, 67]",TRUE,11,2021-10-10,Env alignment sheets,Topsoil Handling,2,2,11,15,76.522,386.522
1032448,1032467,TS,SSH,15,15-20cm SSH,15-20cm Site-Specific Handling,2,,"[131, 136, 68]",TRUE,11,2021-10-10,Env alignment sheets,Topsoil Handling,2,2,11,15,76.522,386.522
1032467,1032667,TS,FW,15,15-20cm FW,15-20cm Full Width,2,,"[119, 106, 67]",TRUE,11,2021-10-10,Env alignment sheets,Topsoil Handling,2,2,11,15,76.522,386.522
1032667,1032687,TS,SSH,15,15-20cm SSH,15-20cm Site-Specific Handling,2,,"[131, 136, 68]",TRUE,11,2021-10-10,Env alignment sheets,Topsoil Handling,2,2,11,15,76.522,386.522
1032687,1033983,TS,FW,15,15-20cm FW,15-20cm Full Width,2,,"[119, 106, 67]",TRUE,11,2021-10-10,Env alignment sheets,Topsoil Handling,2,2,11,15,76.522,386.522
1033983,1034027,TS,SSH,15,15-20cm SSH,15-20cm Site-Specific Handling,2,,"[131, 136, 68]",TRUE,11,2021-10-10,Env alignment sheets,Topsoil Handling,2,2,11,15,76.522,386.522
1034027,1034124,TS,FW,15,15-20cm FW,15-20cm Full Width,2,,"[119, 106, 67]",TRUE,11,2021-10-10,Env alignment sheets,Topsoil Handling,2,2,11,15,76.522,386.522
1034124,1034165,TS,SSH,15,15-20cm SSH,15-20cm Site-Specific Handling,2,,"[131, 136, 68]",TRUE,11,2021-10-10,Env alignment sheets,Topsoil Handling,2,2,11,15,76.522,386.522
1034165,1035045,TS,FW,15,15-20cm FW,15-20cm Full Width,2,,"[119, 106, 67]",TRUE,11,2021-10-10,Env alignment sheets,Topsoil Handling,2,2,11,15,76.522,386.522
1035045,1035173,TS,SSH,15,15-20cm SSH,15-20cm Site-Specific Handling,2,,"[131, 136, 68]",TRUE,11,2021-10-10,Env alignment sheets,Topsoil Handling,2,2,11,15,76.522,386.522
1035173,1037692,TS,FW,15,15-20cm FW,15-20cm Full Width,2,,"[119, 106, 67]",TRUE,11,2021-10-10,Env alignment sheets,Topsoil Handling,2,2,11,15,76.522,386.522
1037692,1037711,TS,SSH,15,15-20cm SSH,15-20cm Site-Specific Handling,2,,"[131, 136, 68]",TRUE,11,2021-10-10,Env alignment sheets,Topsoil Handling,2,2,11,15,76.522,386.522
1037711,1037854,TS,FW,15,15-20cm FW,15-20cm Full Width,2,,"[119, 106, 67]",TRUE,11,2021-10-10,Env alignment sheets,Topsoil Handling,2,2,11,15,76.522,386.522
1037854,1037874,TS,SSH,15,15-20cm SSH,15-20cm Site-Specific Handling,2,,"[131, 136, 68]",TRUE,11,2021-10-10,Env alignment sheets,Topsoil Handling,2,2,11,15,76.522,386.522
1037874,1038046,TS,FW,15,15-20cm FW,15-20cm Full Width,2,,"[119, 106, 67]",TRUE,11,2021-10-10,Env alignment sheets,Topsoil Handling,2,2,11,15,76.522,386.522
1038046,1038110,TS,SSH,15,15-20cm SSH,15-20cm Site-Specific Handling,2,,"[131, 136, 68]",TRUE,11,2021-10-10,Env alignment sheets,Topsoil Handling,2,2,11,15,76.522,386.522
1038110,1038429,TS,FW,15,15-20cm FW,15-20cm Full Width,2,,"[119, 106, 67]",TRUE,11,2021-10-10,Env alignment sheets,Topsoil Handling,2,2,11,15,76.522,386.522
1038429,1038538,TS,SSH,15,15-20cm SSH,15-20cm Site-Specific Handling,2,,"[131, 136, 68]",TRUE,11,2021-10-10,Env alignment sheets,Topsoil Handling,2,2,11,15,76.522,386.522
1038538,1038558,TS,FW,15,15-20cm FW,15-20cm Full Width,2,,"[119, 106, 67]",TRUE,11,2021-10-10,Env alignment sheets,Topsoil Handling,2,2,11,15,76.522,386.522
1038558,1038589,TS,SSH,15,15-20cm SSH,15-20cm Site-Specific Handling,2,,"[131, 136, 68]",TRUE,11,2021-10-10,Env alignment sheets,Topsoil Handling,2,2,11,15,76.522,386.522
1038589,1039079,TS,FW,15,15-20cm FW,15-20cm Full Width,2,,"[119, 106, 67]",TRUE,11,2021-10-10,Env alignment sheets,Topsoil Handling,2,2,11,15,76.522,386.522
1039079,1039193,TS,SSH,15,15-20cm SSH,15-20cm Site-Specific Handling,2,,"[131, 136, 68]",TRUE,11,2021-10-10,Env alignment sheets,Topsoil Handling,2,2,11,15,76.522,386.522
1039193,1039791,TS,FW,15,15-20cm FW,15-20cm Full Width,2,,"[119, 106, 67]",TRUE,11,2021-10-10,Env alignment sheets,Topsoil Handling,2,2,11,15,76.522,386.522
1039791,1040272,TS,SSH,0,0cm SSH,0cm Site-Specific Handling,2,,"[179, 178, 91]",TRUE,11,2021-10-10,Env alignment sheets,Topsoil Handling,2,2,11,15,76.522,386.522
1040272,1040346,TS,FW,15,15-20cm FW,15-20cm Full Width,2,,"[119, 106, 67]",TRUE,11,2021-10-10,Env alignment sheets,Topsoil Handling,2,2,11,15,76.522,386.522
1040346,1040366,TS,SSH,15,15-20cm SSH,15-20cm Site-Specific Handling,2,,"[131, 136, 68]",TRUE,11,2021-10-10,Env alignment sheets,Topsoil Handling,2,2,11,15,76.522,386.522
1040366,1040464,TS,FW,15,15-20cm FW,15-20cm Full Width,2,,"[119, 106, 67]",TRUE,11,2021-10-10,Env alignment sheets,Topsoil Handling,2,2,11,15,76.522,386.522
1040464,1040484,TS,SSH,15,15-20cm SSH,15-20cm Site-Specific Handling,2,,"[131, 136, 68]",TRUE,11,2021-10-10,Env alignment sheets,Topsoil Handling,2,2,11,15,76.522,386.522
1040484,1040675,TS,FW,15,15-20cm FW,15-20cm Full Width,2,,"[119, 106, 67]",TRUE,11,2021-10-10,Env alignment sheets,Topsoil Handling,2,2,11,15,76.522,386.522
1040675,1040856,TS,SSH,15,15-20cm SSH,15-20cm Site-Specific Handling,2,,"[131, 136, 68]",TRUE,11,2021-10-10,Env alignment sheets,Topsoil Handling,2,2,11,15,76.522,386.522
1040856,1040996,TS,FW,15,15-20cm FW,15-20cm Full Width,2,,"[119, 106, 67]",TRUE,11,2021-10-10,Env alignment sheets,Topsoil Handling,2,2,11,15,76.522,386.522
1040996,1041016,TS,SSH,15,15-20cm SSH,15-20cm Site-Specific Handling,2,,"[131, 136, 68]",TRUE,11,2021-10-10,Env alignment sheets,Topsoil Handling,2,2,11,15,76.522,386.522
1041016,1041118,TS,FW,15,15-20cm FW,15-20cm Full Width,2,,"[119, 106, 67]",TRUE,11,2021-10-10,Env alignment sheets,Topsoil Handling,2,2,11,15,76.522,386.522
1041118,1041500,TS,SSH,0,0cm SSH,0cm Site-Specific Handling,2,,"[179, 178, 91]",TRUE,11,2021-10-10,Env alignment sheets,Topsoil Handling,2,2,11,15,76.522,386.522
1041500,1041642,TS,FW,15,15-20cm FW,15-20cm Full Width,2,,"[119, 106, 67]",TRUE,11,2021-10-10,Env alignment sheets,Topsoil Handling,2,2,11,15,76.522,386.522
1041642,1041673,TS,TRENCHLESS,0,0cm TRENCHLESS,0cm Trenchless Crossing,2,,"[163, 54, 145]",TRUE,11,2021-10-10,Env alignment sheets,Topsoil Handling,2,2,11,15,76.522,386.522
1041673,1041898,TS,TRENCHLESS,15,15-20cm TRENCHLESS,15-20cm Trenchless Crossing,2,,"[101, 34, 91]",TRUE,11,2021-10-10,Env alignment sheets,Topsoil Handling,2,2,11,15,76.522,386.522
1041898,1041956,TS,TRENCHLESS,0,0cm TRENCHLESS,0cm Trenchless Crossing,2,,"[163, 54, 145]",TRUE,11,2021-10-10,Env alignment sheets,Topsoil Handling,2,2,11,15,76.522,386.522
1041956,1042280,TS,FW,15,15-20cm FW,15-20cm Full Width,2,,"[119, 106, 67]",TRUE,11,2021-10-10,Env alignment sheets,Topsoil Handling,2,2,11,15,76.522,386.522
1042280,1042325,TS,SSH,15,15-20cm SSH,15-20cm Site-Specific Handling,2,,"[131, 136, 68]",TRUE,11,2021-10-10,Env alignment sheets,Topsoil Handling,2,2,11,15,76.522,386.522
1042325,1042539,TS,FW,15,15-20cm FW,15-20cm Full Width,2,,"[119, 106, 67]",TRUE,11,2021-10-10,Env alignment sheets,Topsoil Handling,2,2,11,15,76.522,386.522
1042539,1042622,TS,SSH,0,0cm SSH,0cm Site-Specific Handling,2,,"[179, 178, 91]",TRUE,11,2021-10-10,Env alignment sheets,Topsoil Handling,2,2,11,15,76.522,386.522
1042622,1042804,TS,FW,5,5cm FW,5cm Full Width,2,,"[162, 146, 96]",TRUE,11,2021-10-10,Env alignment sheets,Topsoil Handling,2,2,11,15,76.522,386.522
1042804,1042819,TS,SSH,5,5cm SSH,5cm Site-Specific Handling,2,,"[163, 164, 83]",TRUE,11,2021-10-10,Env alignment sheets,Topsoil Handling,2,2,11,15,76.522,386.522
1042819,1042861,TS,SSH,0,0cm SSH,0cm Site-Specific Handling,2,,"[179, 178, 91]",TRUE,11,2021-10-10,Env alignment sheets,Topsoil Handling,2,2,11,15,76.522,386.522
1042861,1042898,TS,SSH,5,5cm SSH,5cm Site-Specific Handling,2,,"[163, 164, 83]",TRUE,11,2021-10-10,Env alignment sheets,Topsoil Handling,2,2,11,15,76.522,386.522
1042898,1043318,TS,FW,5,5cm FW,5cm Full Width,2,,"[162, 146, 96]",TRUE,11,2021-10-10,Env alignment sheets,Topsoil Handling,2,2,11,15,76.522,386.522
1043318,1044034,TS,FW,15,15-20cm FW,15-20cm Full Width,2,,"[119, 106, 67]",TRUE,11,2021-10-10,Env alignment sheets,Topsoil Handling,2,2,11,15,76.522,386.522
1044034,1044053,TS,SSH,15,15-20cm SSH,15-20cm Site-Specific Handling,2,,"[131, 136, 68]",TRUE,11,2021-10-10,Env alignment sheets,Topsoil Handling,2,2,11,15,76.522,386.522
1044053,1044109,TS,SSH,0,0cm SSH,0cm Site-Specific Handling,2,,"[179, 178, 91]",TRUE,11,2021-10-10,Env alignment sheets,Topsoil Handling,2,2,11,15,76.522,386.522
1044109,1044126,TS,SSH,15,15-20cm SSH,15-20cm Site-Specific Handling,2,,"[131, 136, 68]",TRUE,11,2021-10-10,Env alignment sheets,Topsoil Handling,2,2,11,15,76.522,386.522
1044126,1044535,TS,FW,15,15-20cm FW,15-20cm Full Width,2,,"[119, 106, 67]",TRUE,11,2021-10-10,Env alignment sheets,Topsoil Handling,2,2,11,15,76.522,386.522
1044535,1044740,TS,FW,25,25cm FW,25cm Full Width,2,,"[76, 66, 38]",TRUE,11,2021-10-10,Env alignment sheets,Topsoil Handling,2,2,11,15,76.522,386.522
1044740,1044816,TS,SSH,25,25cm SSH,25cm Site-Specific Handling,2,,"[99, 108, 53]",TRUE,11,2021-10-10,Env alignment sheets,Topsoil Handling,2,2,11,15,76.522,386.522
1044816,1044858,TS,SSH,15,15-20cm SSH,15-20cm Site-Specific Handling,2,,"[131, 136, 68]",TRUE,11,2021-10-10,Env alignment sheets,Topsoil Handling,2,2,11,15,76.522,386.522
1044858,1044983,TS,SSH,25,25cm SSH,25cm Site-Specific Handling,2,,"[99, 108, 53]",TRUE,11,2021-10-10,Env alignment sheets,Topsoil Handling,2,2,11,15,76.522,386.522
1044983,1045147,TS,SSH,0,0cm SSH,0cm Site-Specific Handling,2,,"[179, 178, 91]",TRUE,11,2021-10-10,Env alignment sheets,Topsoil Handling,2,2,11,15,76.522,386.522
1045147,1045656,TS,FW,15,15-20cm FW,15-20cm Full Width,2,,"[119, 106, 67]",TRUE,11,2021-10-10,Env alignment sheets,Topsoil Handling,2,2,11,15,76.522,386.522
1045656,1046197,TS,SSH,0,0cm SSH,0cm Site-Specific Handling,2,,"[179, 178, 91]",TRUE,11,2021-10-10,Env alignment sheets,Topsoil Handling,2,2,11,15,76.522,386.522
1046197,1046680,TS,FW(3-LIFT),10,(10-15) [30]cm FW(3-LIFT),(10-15) [30]cm Full Width (3 Lift),2,,"[184, 167, 111]",TRUE,11,2021-10-10,Env alignment sheets,Topsoil Handling,2,2,11,15,76.522,386.522
1046680,1046874,TS,SSH,0,0cm SSH,0cm Site-Specific Handling,2,,"[179, 178, 91]",TRUE,11,2021-10-10,Env alignment sheets,Topsoil Handling,2,2,11,15,76.522,386.522
1046874,1047495,TS,FW(3-LIFT),20,(20-25) [25]cm FW(3-LIFT),(20-25) [25]cm Full Width (3 Lift),2,,"[112, 99, 62]",TRUE,11,2021-10-10,Env alignment sheets,Topsoil Handling,2,2,11,15,76.522,386.522
1047495,1048226,TS,FW(3-LIFT),15,(15-20) [30]cm FW(3-LIFT),(15-20) [30]cm Full Width (3 Lift),2,,"[148, 133, 86]",TRUE,11,2021-10-10,Env alignment sheets,Topsoil Handling,2,2,11,15,76.522,386.522
1048226,1048274,TS,SSH,0,0cm SSH,0cm Site-Specific Handling,2,,"[179, 178, 91]",TRUE,11,2021-10-10,Env alignment sheets,Topsoil Handling,2,2,11,15,76.522,386.522
1048274,1048467,TS,FW,10,10cm FW,10cm Full Width,2,,"[140, 126, 81]",TRUE,11,2021-10-10,Env alignment sheets,Topsoil Handling,2,2,11,15,76.522,386.522
1048467,1048487,TS,SSH,10,10cm SSH,10cm Site-Specific Handling,2,,"[147, 150, 76]",TRUE,11,2021-10-10,Env alignment sheets,Topsoil Handling,2,2,11,15,76.522,386.522
1048487,1048715,TS,FW,15,15-20cm FW,15-20cm Full Width,2,,"[119, 106, 67]",TRUE,11,2021-10-10,Env alignment sheets,Topsoil Handling,2,2,11,15,76.522,386.522
1048715,1048794,TS,SSH,15,15-20cm SSH,15-20cm Site-Specific Handling,2,,"[131, 136, 68]",TRUE,11,2021-10-10,Env alignment sheets,Topsoil Handling,2,2,11,15,76.522,386.522
1048794,1048907,TS,SSH,0,0cm SSH,0cm Site-Specific Handling,2,,"[179, 178, 91]",TRUE,11,2021-10-10,Env alignment sheets,Topsoil Handling,2,2,11,15,76.522,386.522
1048907,1048926,TS,SSH,40,40cm SSH,40cm Site-Specific Handling,2,,"[51, 66, 31]",TRUE,11,2021-10-10,Env alignment sheets,Topsoil Handling,2,2,11,15,76.522,386.522
1048926,1048993,TS,SSH,0,0cm SSH,0cm Site-Specific Handling,2,,"[179, 178, 91]",TRUE,11,2021-10-10,Env alignment sheets,Topsoil Handling,2,2,11,15,76.522,386.522
1048993,1049083,TS,SSH,40,40cm SSH,40cm Site-Specific Handling,2,,"[51, 66, 31]",TRUE,11,2021-10-10,Env alignment sheets,Topsoil Handling,2,2,11,15,76.522,386.522
1049083,1050182,TS,SSH,0,0cm SSH,0cm Site-Specific Handling,2,,"[179, 178, 91]",TRUE,11,2021-10-10,Env alignment sheets,Topsoil Handling,2,2,11,15,76.522,386.522
1050182,1050642,TS,FW,10,10-20cm FW,10-20cm Full Width,2,,"[140, 126, 81]",TRUE,11,2021-10-10,Env alignment sheets,Topsoil Handling,2,2,11,15,76.522,386.522
1050642,1050676,TS,SSH,10,10-20cm SSH,10-20cm Site-Specific Handling,2,,"[147, 150, 76]",TRUE,11,2021-10-10,Env alignment sheets,Topsoil Handling,2,2,11,15,76.522,386.522
1050676,1050776,TS,FW,10,10-20cm FW,10-20cm Full Width,2,,"[140, 126, 81]",TRUE,11,2021-10-10,Env alignment sheets,Topsoil Handling,2,2,11,15,76.522,386.522
1050776,1050819,TS,SSH,10,10-20cm SSH,10-20cm Site-Specific Handling,2,,"[147, 150, 76]",TRUE,11,2021-10-10,Env alignment sheets,Topsoil Handling,2,2,11,15,76.522,386.522
1050819,1050910,TS,FW,10,10-20cm FW,10-20cm Full Width,2,,"[140, 126, 81]",TRUE,11,2021-10-10,Env alignment sheets,Topsoil Handling,2,2,11,15,76.522,386.522
1050910,1051339,TS,FW,20,20cm FW,20cm Full Width,2,,"[97, 86, 52]",TRUE,11,2021-10-10,Env alignment sheets,Topsoil Handling,2,2,11,15,76.522,386.522
1051339,1051752,TS,FW,20,20-25cm FW,20-25cm Full Width,2,,"[97, 86, 52]",TRUE,11,2021-10-10,Env alignment sheets,Topsoil Handling,2,2,11,15,76.522,386.522
1051752,1052438,TS,FW,10,10cm FW,10cm Full Width,2,,"[140, 126, 81]",TRUE,11,2021-10-10,Env alignment sheets,Topsoil Handling,2,2,11,15,76.522,386.522
1052438,1052457,TS,SSH,10,10cm SSH,10cm Site-Specific Handling,2,,"[147, 150, 76]",TRUE,11,2021-10-10,Env alignment sheets,Topsoil Handling,2,2,11,15,76.522,386.522
1052457,1053067,TS,FW,10,10cm FW,10cm Full Width,2,,"[140, 126, 81]",TRUE,11,2021-10-10,Env alignment sheets,Topsoil Handling,2,2,11,15,76.522,386.522
1053067,1053184,TS,SSH,10,10cm SSH,10cm Site-Specific Handling,2,,"[147, 150, 76]",TRUE,11,2021-10-10,Env alignment sheets,Topsoil Handling,2,2,11,15,76.522,386.522
1053184,1053258,TS,SSH,10,10-15cm SSH,10-15cm Site-Specific Handling,2,,"[147, 150, 76]",TRUE,11,2021-10-10,Env alignment sheets,Topsoil Handling,2,2,11,15,76.522,386.522
1053258,1054105,TS,FW,10,10-15cm FW,10-15cm Full Width,2,,"[140, 126, 81]",TRUE,11,2021-10-10,Env alignment sheets,Topsoil Handling,2,2,11,15,76.522,386.522
1054105,1054163,TS,FW,5,5-10cm FW,5-10cm Full Width,2,,"[162, 146, 96]",TRUE,11,2021-10-10,Env alignment sheets,Topsoil Handling,2,2,11,15,76.522,386.522
1054163,1054183,TS,SSH,5,5-10cm SSH,5-10cm Site-Specific Handling,2,,"[163, 164, 83]",TRUE,11,2021-10-10,Env alignment sheets,Topsoil Handling,2,2,11,15,76.522,386.522
1054183,1054615,TS,FW,5,5-10cm FW,5-10cm Full Width,2,,"[162, 146, 96]",TRUE,11,2021-10-10,Env alignment sheets,Topsoil Handling,2,2,11,15,76.522,386.522
1054615,1054721,TS,FW,15,15cm FW,15cm Full Width,2,,"[119, 106, 67]",TRUE,11,2021-10-10,Env alignment sheets,Topsoil Handling,2,2,11,15,76.522,386.522
1054721,1054741,TS,SSH,15,15cm SSH,15cm Site-Specific Handling,2,,"[131, 136, 68]",TRUE,11,2021-10-10,Env alignment sheets,Topsoil Handling,2,2,11,15,76.522,386.522
1054741,1054948,TS,FW,15,15cm FW,15cm Full Width,2,,"[119, 106, 67]",TRUE,11,2021-10-10,Env alignment sheets,Topsoil Handling,2,2,11,15,76.522,386.522
1054948,1055268,TS,FW(3-LIFT),15,(15) [35]cm FW(3-LIFT),(15) [35]cm Full Width (3 Lift),2,,"[148, 133, 86]",TRUE,11,2021-10-10,Env alignment sheets,Topsoil Handling,2,2,11,15,76.522,386.522
1055268,1055300,TS,SSH,15,(15) [35]cm SSH,(15) [35]cm Site-Specific Handling,2,,"[131, 136, 68]",TRUE,11,2021-10-10,Env alignment sheets,Topsoil Handling,2,2,11,15,76.522,386.522
1055300,1055505,TS,FW,0,NONE FW,NONE Full Width,2,,"[184, 167, 111]",TRUE,11,2021-10-10,Env alignment sheets,Topsoil Handling,2,2,11,15,76.522,386.522
1055505,1055524,TS,SSH,0,NONE SSH,NONE Site-Specific Handling,2,,"[179, 178, 91]",TRUE,11,2021-10-10,Env alignment sheets,Topsoil Handling,2,2,11,15,76.522,386.522
1055524,1056649,TS,FW,0,NONE FW,NONE Full Width,2,,"[184, 167, 111]",TRUE,11,2021-10-10,Env alignment sheets,Topsoil Handling,2,2,11,15,76.522,386.522
1056649,1056670,TS,SSH,0,NONE SSH,NONE Site-Specific Handling,2,,"[179, 178, 91]",TRUE,11,2021-10-10,Env alignment sheets,Topsoil Handling,2,2,11,15,76.522,386.522
1056670,1056790,TS,FW,15,(15) [35]cm FW,(15) [35]cm Full Width,2,,"[119, 106, 67]",TRUE,11,2021-10-10,Env alignment sheets,Topsoil Handling,2,2,11,15,76.522,386.522
1056790,1056944,TS,FW(3-LIFT),15,(15) [35]cm FW(3-LIFT),(15) [35]cm Full Width (3 Lift),2,,"[148, 133, 86]",TRUE,11,2021-10-10,Env alignment sheets,Topsoil Handling,2,2,11,15,76.522,386.522
1056944,1057845,TS,FW(3-LIFT),15,(15-20) [30]cm FW(3-LIFT),(15-20) [30]cm Full Width (3 Lift),2,,"[148, 133, 86]",TRUE,11,2021-10-10,Env alignment sheets,Topsoil Handling,2,2,11,15,76.522,386.522
1057845,1058747,TS,FW(3-LIFT),25,(25-30) [20]cm FW(3-LIFT),(25-30) [20]cm Full Width (3 Lift),2,,"[76, 66, 38]",TRUE,11,2021-10-10,Env alignment sheets,Topsoil Handling,2,2,11,15,76.522,386.522
1058747,1058803,TS,SSH,15,15-20cm SSH,15-20cm Site-Specific Handling,2,,"[131, 136, 68]",TRUE,11,2021-10-10,Env alignment sheets,Topsoil Handling,2,2,11,15,76.522,386.522
1058803,1058853,TS,FW(3-LIFT),25,(25) [25]cm FW(3-LIFT),(25) [25]cm Full Width (3 Lift),2,,"[76, 66, 38]",TRUE,11,2021-10-10,Env alignment sheets,Topsoil Handling,2,2,11,15,76.522,386.522
1058853,1059001,TS,FW,10,10-15cm FW,10-15cm Full Width,2,,"[140, 126, 81]",TRUE,11,2021-10-10,Env alignment sheets,Topsoil Handling,2,2,11,15,76.522,386.522
1059001,1059034,TS,SSH,10,10-15cm SSH,10-15cm Site-Specific Handling,2,,"[147, 150, 76]",TRUE,11,2021-10-10,Env alignment sheets,Topsoil Handling,2,2,11,15,76.522,386.522
1059034,1059232,TS,FW,10,10-15cm FW,10-15cm Full Width,2,,"[140, 126, 81]",TRUE,11,2021-10-10,Env alignment sheets,Topsoil Handling,2,2,11,15,76.522,386.522
1059232,1059288,TS,FW,15,15-20cm FW,15-20cm Full Width,2,,"[119, 106, 67]",TRUE,11,2021-10-10,Env alignment sheets,Topsoil Handling,2,2,11,15,76.522,386.522
1059288,1059411,TS,SSH,15,15-20cm SSH,15-20cm Site-Specific Handling,2,,"[131, 136, 68]",TRUE,11,2021-10-10,Env alignment sheets,Topsoil Handling,2,2,11,15,76.522,386.522
1059411,1060000,TS,FW,10,10-15cm FW,10-15cm Full Width,2,,"[140, 126, 81]",TRUE,11,2021-10-10,Env alignment sheets,Topsoil Handling,2,2,11,15,76.522,386.522
1060000,1062200,TS,SSH,0,0cm SSH,0cm Site-Specific Handling,2,,"[179, 178, 91]",TRUE,11,2021-10-10,Env alignment sheets,Topsoil Handling,2,2,11,15,76.522,386.522
1062200,1062240,TS,FW,15,15-20cm FW,15-20cm Full Width,2,,"[119, 106, 67]",TRUE,11,2021-10-10,Env alignment sheets,Topsoil Handling,2,2,11,15,76.522,386.522
1062240,1062348,TS,SSH,15,15-20cm SSH,15-20cm Site-Specific Handling,2,,"[131, 136, 68]",TRUE,11,2021-10-10,Env alignment sheets,Topsoil Handling,2,2,11,15,76.522,386.522
1062348,1062614,TS,FW,15,15-20cm FW,15-20cm Full Width,2,,"[119, 106, 67]",TRUE,11,2021-10-10,Env alignment sheets,Topsoil Handling,2,2,11,15,76.522,386.522
1062614,1062833,TS,SSH,40,40cm SSH,40cm Site-Specific Handling,2,,"[51, 66, 31]",TRUE,11,2021-10-10,Env alignment sheets,Topsoil Handling,2,2,11,15,76.522,386.522
1062833,1063138,TS,SSH,0,0cm SSH,0cm Site-Specific Handling,2,,"[179, 178, 91]",TRUE,11,2021-10-10,Env alignment sheets,Topsoil Handling,2,2,11,15,76.522,386.522
1063138,1063249,TS,FW,20,20cm FW,20cm Full Width,2,,"[97, 86, 52]",TRUE,11,2021-10-10,Env alignment sheets,Topsoil Handling,2,2,11,15,76.522,386.522
1063249,1063281,TS,SSH,20,20cm SSH,20cm Site-Specific Handling,2,,"[115, 122, 61]",TRUE,11,2021-10-10,Env alignment sheets,Topsoil Handling,2,2,11,15,76.522,386.522
1063281,1063788,TS,FW,20,20cm FW,20cm Full Width,2,,"[97, 86, 52]",TRUE,11,2021-10-10,Env alignment sheets,Topsoil Handling,2,2,11,15,76.522,386.522
1063788,1063989,TS,FW,10,10-15cm FW,10-15cm Full Width,2,,"[140, 126, 81]",TRUE,11,2021-10-10,Env alignment sheets,Topsoil Handling,2,2,11,15,76.522,386.522
1063989,1064107,TS,SSH,10,10-15cm SSH,10-15cm Site-Specific Handling,2,,"[147, 150, 76]",TRUE,11,2021-10-10,Env alignment sheets,Topsoil Handling,2,2,11,15,76.522,386.522
1064107,1064829,TS,FW,10,10-15cm FW,10-15cm Full Width,2,,"[140, 126, 81]",TRUE,11,2021-10-10,Env alignment sheets,Topsoil Handling,2,2,11,15,76.522,386.522
1064829,1064862,TS,TRENCHLESS,10,10-15cm TRENCHLESS,10-15cm Trenchless Crossing,2,,"[121, 40, 109]",TRUE,11,2021-10-10,Env alignment sheets,Topsoil Handling,2,2,11,15,76.522,386.522
1064862,1064891,TS,TRENCHLESS,0,NONE TRENCHLESS,NONE Trenchless Crossing,2,,"[163, 54, 145]",TRUE,11,2021-10-10,Env alignment sheets,Topsoil Handling,2,2,11,15,76.522,386.522
1064891,1066053,TS,FW,10,10-15cm FW,10-15cm Full Width,2,,"[140, 126, 81]",TRUE,11,2021-10-10,Env alignment sheets,Topsoil Handling,2,2,11,15,76.522,386.522
1066053,1066077,TS,SSH,10,10-15cm SSH,10-15cm Site-Specific Handling,2,,"[147, 150, 76]",TRUE,11,2021-10-10,Env alignment sheets,Topsoil Handling,2,2,11,15,76.522,386.522
1066077,1066327,TS,FW,10,10-15cm FW,10-15cm Full Width,2,,"[140, 126, 81]",TRUE,11,2021-10-10,Env alignment sheets,Topsoil Handling,2,2,11,15,76.522,386.522
1066327,1066865,TS,SSH,10,10-15cm SSH,10-15cm Site-Specific Handling,2,,"[147, 150, 76]",TRUE,11,2021-10-10,Env alignment sheets,Topsoil Handling,2,2,11,15,76.522,386.522
1066865,1066922,TS,TRENCHLESS,0,NONE TRENCHLESS,NONE Trenchless Crossing,2,,"[163, 54, 145]",TRUE,11,2021-10-10,Env alignment sheets,Topsoil Handling,2,2,11,15,76.522,386.522
1066922,1066955,TS,SSH,10,10-15cm SSH,10-15cm Site-Specific Handling,2,,"[147, 150, 76]",TRUE,11,2021-10-10,Env alignment sheets,Topsoil Handling,2,2,11,15,76.522,386.522
1066955,1067050,TS,SSH,25,25cm SSH,25cm Site-Specific Handling,2,,"[99, 108, 53]",TRUE,11,2021-10-10,Env alignment sheets,Topsoil Handling,2,2,11,15,76.522,386.522
1067050,1067337,TS,FW,25,25cm FW,25cm Full Width,2,,"[76, 66, 38]",TRUE,11,2021-10-10,Env alignment sheets,Topsoil Handling,2,2,11,15,76.522,386.522
1067337,1067367,TS,SSH,25,25cm SSH,25cm Site-Specific Handling,2,,"[99, 108, 53]",TRUE,11,2021-10-10,Env alignment sheets,Topsoil Handling,2,2,11,15,76.522,386.522
1067367,1067427,TS,FW,25,25cm FW,25cm Full Width,2,,"[76, 66, 38]",TRUE,11,2021-10-10,Env alignment sheets,Topsoil Handling,2,2,11,15,76.522,386.522
1067427,1068472,TS,FW,15,15-20cm FW,15-20cm Full Width,2,,"[119, 106, 67]",TRUE,11,2021-10-10,Env alignment sheets,Topsoil Handling,2,2,11,15,76.522,386.522
1068472,1068525,TS,FW,10,10-15cm FW,10-15cm Full Width,2,,"[140, 126, 81]",TRUE,11,2021-10-10,Env alignment sheets,Topsoil Handling,2,2,11,15,76.522,386.522
1068525,1068561,TS,SSH,10,10-15cm SSH,10-15cm Site-Specific Handling,2,,"[147, 150, 76]",TRUE,11,2021-10-10,Env alignment sheets,Topsoil Handling,2,2,11,15,76.522,386.522
1068561,1068639,TS,FW,10,10-15cm FW,10-15cm Full Width,2,,"[140, 126, 81]",TRUE,11,2021-10-10,Env alignment sheets,Topsoil Handling,2,2,11,15,76.522,386.522
1068639,1068693,TS,SSH,10,10-15cm SSH,10-15cm Site-Specific Handling,2,,"[147, 150, 76]",TRUE,11,2021-10-10,Env alignment sheets,Topsoil Handling,2,2,11,15,76.522,386.522
1068693,1068763,TS,FW,10,10-15cm FW,10-15cm Full Width,2,,"[140, 126, 81]",TRUE,11,2021-10-10,Env alignment sheets,Topsoil Handling,2,2,11,15,76.522,386.522
1068763,1068788,TS,SSH,10,10-15cm SSH,10-15cm Site-Specific Handling,2,,"[147, 150, 76]",TRUE,11,2021-10-10,Env alignment sheets,Topsoil Handling,2,2,11,15,76.522,386.522
1068788,1069064,TS,FW,10,10-15cm FW,10-15cm Full Width,2,,"[140, 126, 81]",TRUE,11,2021-10-10,Env alignment sheets,Topsoil Handling,2,2,11,15,76.522,386.522
1069064,1069152,TS,SSH,10,10-15cm SSH,10-15cm Site-Specific Handling,2,,"[147, 150, 76]",TRUE,11,2021-10-10,Env alignment sheets,Topsoil Handling,2,2,11,15,76.522,386.522
1069152,1069178,TS,SSH,15,15-20cm SSH,15-20cm Site-Specific Handling,2,,"[131, 136, 68]",TRUE,11,2021-10-10,Env alignment sheets,Topsoil Handling,2,2,11,15,76.522,386.522
1069178,1069488,TS,SSH,10,10-15cm SSH,10-15cm Site-Specific Handling,2,,"[147, 150, 76]",TRUE,11,2021-10-10,Env alignment sheets,Topsoil Handling,2,2,11,15,76.522,386.522
1069488,1069677,TS,FW,10,10-15cm FW,10-15cm Full Width,2,,"[140, 126, 81]",TRUE,11,2021-10-10,Env alignment sheets,Topsoil Handling,2,2,11,15,76.522,386.522
1069677,1069698,TS,SSH,10,10-15cm SSH,10-15cm Site-Specific Handling,2,,"[147, 150, 76]",TRUE,11,2021-10-10,Env alignment sheets,Topsoil Handling,2,2,11,15,76.522,386.522
1069698,1069913,TS,FW,10,10-15cm FW,10-15cm Full Width,2,,"[140, 126, 81]",TRUE,11,2021-10-10,Env alignment sheets,Topsoil Handling,2,2,11,15,76.522,386.522
1069913,1070061,TS,SSH,10,10-15cm SSH,10-15cm Site-Specific Handling,2,,"[147, 150, 76]",TRUE,11,2021-10-10,Env alignment sheets,Topsoil Handling,2,2,11,15,76.522,386.522
1070061,1070084,TS,FW,10,10-15cm FW,10-15cm Full Width,2,,"[140, 126, 81]",TRUE,11,2021-10-10,Env alignment sheets,Topsoil Handling,2,2,11,15,76.522,386.522
1070084,1070145,TS,SSH,10,10-15cm SSH,10-15cm Site-Specific Handling,2,,"[147, 150, 76]",TRUE,11,2021-10-10,Env alignment sheets,Topsoil Handling,2,2,11,15,76.522,386.522
1070145,1070189,TS,FW,10,10-15cm FW,10-15cm Full Width,2,,"[140, 126, 81]",TRUE,11,2021-10-10,Env alignment sheets,Topsoil Handling,2,2,11,15,76.522,386.522
1070189,1070221,TS,SSH,10,10-15cm SSH,10-15cm Site-Specific Handling,2,,"[147, 150, 76]",TRUE,11,2021-10-10,Env alignment sheets,Topsoil Handling,2,2,11,15,76.522,386.522
1070221,1070345,TS,FW,10,10-15cm FW,10-15cm Full Width,2,,"[140, 126, 81]",TRUE,11,2021-10-10,Env alignment sheets,Topsoil Handling,2,2,11,15,76.522,386.522
1070345,1070391,TS,SSH,10,10-15cm SSH,10-15cm Site-Specific Handling,2,,"[147, 150, 76]",TRUE,11,2021-10-10,Env alignment sheets,Topsoil Handling,2,2,11,15,76.522,386.522
1070391,1070658,TS,FW,10,10-15cm FW,10-15cm Full Width,2,,"[140, 126, 81]",TRUE,11,2021-10-10,Env alignment sheets,Topsoil Handling,2,2,11,15,76.522,386.522
1070658,1070699,TS,SSH,10,10-15cm SSH,10-15cm Site-Specific Handling,2,,"[147, 150, 76]",TRUE,11,2021-10-10,Env alignment sheets,Topsoil Handling,2,2,11,15,76.522,386.522
1070699,1070718,TS,FW,10,10-15cm FW,10-15cm Full Width,2,,"[140, 126, 81]",TRUE,11,2021-10-10,Env alignment sheets,Topsoil Handling,2,2,11,15,76.522,386.522
1070718,1070804,TS,SSH,10,10-15cm SSH,10-15cm Site-Specific Handling,2,,"[147, 150, 76]",TRUE,11,2021-10-10,Env alignment sheets,Topsoil Handling,2,2,11,15,76.522,386.522
1070804,1070882,TS,FW,10,10-15cm FW,10-15cm Full Width,2,,"[140, 126, 81]",TRUE,11,2021-10-10,Env alignment sheets,Topsoil Handling,2,2,11,15,76.522,386.522
1070882,1070920,TS,SSH,10,10-15cm SSH,10-15cm Site-Specific Handling,2,,"[147, 150, 76]",TRUE,11,2021-10-10,Env alignment sheets,Topsoil Handling,2,2,11,15,76.522,386.522
1070920,1070988,TS,FW,10,10-15cm FW,10-15cm Full Width,2,,"[140, 126, 81]",TRUE,11,2021-10-10,Env alignment sheets,Topsoil Handling,2,2,11,15,76.522,386.522
1070988,1071091,TS,SSH,10,10-15cm SSH,10-15cm Site-Specific Handling,2,,"[147, 150, 76]",TRUE,11,2021-10-10,Env alignment sheets,Topsoil Handling,2,2,11,15,76.522,386.522
1071091,1071114,TS,FW,10,10-15cm FW,10-15cm Full Width,2,,"[140, 126, 81]",TRUE,11,2021-10-10,Env alignment sheets,Topsoil Handling,2,2,11,15,76.522,386.522
1071114,1071410,TS,FW,15,15-20cm FW,15-20cm Full Width,2,,"[119, 106, 67]",TRUE,11,2021-10-10,Env alignment sheets,Topsoil Handling,2,2,11,15,76.522,386.522
1071410,1071513,TS,SSH,15,15-20cm SSH,15-20cm Site-Specific Handling,2,,"[131, 136, 68]",TRUE,11,2021-10-10,Env alignment sheets,Topsoil Handling,2,2,11,15,76.522,386.522
1071513,1072010,TS,FW,15,15-20cm FW,15-20cm Full Width,2,,"[119, 106, 67]",TRUE,11,2021-10-10,Env alignment sheets,Topsoil Handling,2,2,11,15,76.522,386.522
1072010,1072075,TS,SSH,15,15-20cm SSH,15-20cm Site-Specific Handling,2,,"[131, 136, 68]",TRUE,11,2021-10-10,Env alignment sheets,Topsoil Handling,2,2,11,15,76.522,386.522
1072075,1072881,TS,SSH,20,20-30cm SSH,20-30cm Site-Specific Handling,2,,"[115, 122, 61]",TRUE,11,2021-10-10,Env alignment sheets,Topsoil Handling,2,2,11,15,76.522,386.522
1072881,1073706,TS,FW,10,10-20cm FW,10-20cm Full Width,2,,"[140, 126, 81]",TRUE,11,2021-10-10,Env alignment sheets,Topsoil Handling,2,2,11,15,76.522,386.522
1073706,1073792,TS,FW,15,15cm FW,15cm Full Width,2,,"[119, 106, 67]",TRUE,11,2021-10-10,Env alignment sheets,Topsoil Handling,2,2,11,15,76.522,386.522
1073792,1073845,TS,SSH,15,15cm SSH,15cm Site-Specific Handling,2,,"[131, 136, 68]",TRUE,11,2021-10-10,Env alignment sheets,Topsoil Handling,2,2,11,15,76.522,386.522
1073845,1073892,TS,FW,15,15cm FW,15cm Full Width,2,,"[119, 106, 67]",TRUE,11,2021-10-10,Env alignment sheets,Topsoil Handling,2,2,11,15,76.522,386.522
1073892,1074736,TS,FW,15,15-20cm FW,15-20cm Full Width,2,,"[119, 106, 67]",TRUE,11,2021-10-10,Env alignment sheets,Topsoil Handling,2,2,11,15,76.522,386.522
1074736,1075016,TS,FW,15,15cm FW,15cm Full Width,2,,"[119, 106, 67]",TRUE,11,2021-10-10,Env alignment sheets,Topsoil Handling,2,2,11,15,76.522,386.522
1075016,1075293,TS,SSH,0,0cm SSH,0cm Site-Specific Handling,2,,"[179, 178, 91]",TRUE,11,2021-10-10,Env alignment sheets,Topsoil Handling,2,2,11,15,76.522,386.522
1075293,1075404,TS,FW,20,20cm FW,20cm Full Width,2,,"[97, 86, 52]",TRUE,11,2021-10-10,Env alignment sheets,Topsoil Handling,2,2,11,15,76.522,386.522
1075404,1075422,TS,SSH,20,20cm SSH,20cm Site-Specific Handling,2,,"[115, 122, 61]",TRUE,11,2021-10-10,Env alignment sheets,Topsoil Handling,2,2,11,15,76.522,386.522
1075422,1075536,TS,FW,20,20cm FW,20cm Full Width,2,,"[97, 86, 52]",TRUE,11,2021-10-10,Env alignment sheets,Topsoil Handling,2,2,11,15,76.522,386.522
1075536,1075594,TS,SSH,20,20cm SSH,20cm Site-Specific Handling,2,,"[115, 122, 61]",TRUE,11,2021-10-10,Env alignment sheets,Topsoil Handling,2,2,11,15,76.522,386.522
1075594,1075665,TS,FW,20,20cm FW,20cm Full Width,2,,"[97, 86, 52]",TRUE,11,2021-10-10,Env alignment sheets,Topsoil Handling,2,2,11,15,76.522,386.522
1075665,1075685,TS,SSH,20,20cm SSH,20cm Site-Specific Handling,2,,"[115, 122, 61]",TRUE,11,2021-10-10,Env alignment sheets,Topsoil Handling,2,2,11,15,76.522,386.522
1075685,1075858,TS,FW,20,20cm FW,20cm Full Width,2,,"[97, 86, 52]",TRUE,11,2021-10-10,Env alignment sheets,Topsoil Handling,2,2,11,15,76.522,386.522
1075858,1075916.37,TS,SSH,0,0cm SSH,0cm Site-Specific Handling,2,,"[179, 178, 91]",TRUE,11,2021-10-10,Env alignment sheets,Topsoil Handling,2,2,11,15,76.522,386.522